{
  "train_loss": [
    4.1928471103310585,
    3.1148354560136795,
    2.661574914306402,
    2.243250362575054,
    2.2294254772365094,
    2.1662749253213405,
    2.1079724580049515,
    1.9306517288088798,
    1.888056930154562,
    1.9054543040692806
  ],
  "train_acc": [
    0.2375,
    0.240625,
    0.278125,
    0.240625,
    0.25,
    0.24375,
    0.19375,
    0.25625,
    0.246875,
    0.23125
  ],
  "val_loss": [
    3.7462356746196748,
    2.698291140794754,
    1.5447147071361542,
    1.5526138544082642,
    1.4877983152866363,
    1.4814180970191955,
    1.559902286529541,
    1.4985978245735168,
    1.4623294174671173,
    1.599131691455841
  ],
  "val_acc": [
    0.3,
    0.2375,
    0.275,
    0.2125,
    0.2375,
    0.25,
    0.25,
    0.1875,
    0.225,
    0.25
  ],
  "learning_rate": [
    9.990232305719945e-05,
    9.960967771506666e-05,
    9.912321891107009e-05,
    9.844486647586723e-05,
    9.757729755661011e-05,
    9.652393605146844e-05,
    9.528893909706797e-05,
    9.387718066217124e-05,
    9.229423231234974e-05,
    9.054634122155989e-05
  ]
}